ville;prix;companies
souk elarbaa du gharb;45;Livo
oulad rehou;45;Livo
midelt;45;Livo
fes;35;Livo
beni ensar;45;Livo
oulad hassoune;40;Livo
chouiter;40;Livo
touissite;39;Livo
casablanca;20;Livo
temara;40;Livo
nzalat laadam;40;Livo
tenrara;29;Livo
jerf;45;Livo
sidi ifni;45;Livo
oualidia;40;Livo
dar el kebdani;39;Livo
taddart - agadir;45;Livo
tagharte;39;Livo
ain atiq;45;Livo
tahla;45;Livo
saba‰ a•youn;35;Livo
saiss;35;Livo
mejjat;40;Livo
faryata;45;Livo
guenfouda;39;Livo
ben yakhlef;29;Livo
tantan;45;Livo
imzouren;45;Livo
sidi slimane 1;40;Livo
tafetachte;39;Livo
al hoceima;45;Livo
sidi bibi;45;Livo
settat;40;Livo
oulad moussa;45;Livo
lamnabeha;40;Livo
meknes;40;Livo
ouled berjal;29;Livo
beni ouassine;35;Livo
arfoud;45;Livo
el ain;39;Livo
bouaassida;45;Livo
youssoufia;40;Livo
tagzert;39;Livo
fezouane;39;Livo
madagh;40;Livo
oued zem;45;Livo
errahma;35;Livo
tamraght;45;Livo
douyet;35;Livo
beni mellal;40;Livo
oulad yaich;45;Livo
bni bouayach - al hoceima;45;Livo
moulay yacoub;45;Livo
tahannaout;40;Livo
beni chiker;39;Livo
laayoune;45;Livo
ait oumribet;45;Livo
taza;45;Livo
tiflet;45;Livo
laayoune charkiya;40;Livo
haouzia;35;Livo
sidi smail;39;Livo
asni;40;Livo
nouinouiche;35;Livo
ouled tayeb;45;Livo
mediouna;35;Livo
safi;45;Livo
talmest;39;Livo
sefrou;45;Livo
lahri;39;Livo
fnideq;45;Livo
targuist - al hoceima;45;Livo
rabat;35;Livo
asilah;45;Livo
ben taieb;45;Livo
sidi rahal;40;Livo
itzer;39;Livo
sidi kacem;45;Livo
tamesna;45;Livo
ourika;45;Livo
ain assafa;29;Livo
ghorm elam;29;Livo
boujniba;45;Livo
temsia;39;Livo
el haj kaddour;45;Livo
sidi ali - el jadida;39;Livo
tnine chtouka;40;Livo
marina smir;35;Livo
ajdir - al hoceima;45;Livo
tighssaline;39;Livo
azla;40;Livo
adouz;39;Livo
ain cheggag;45;Livo
ouargui;40;Livo
amizmiz;40;Livo
martil;45;Livo
essaouira;45;Livo
echemmaia;40;Livo
ain beni mathar;39;Livo
drarga;45;Livo
boudnib;45;Livo
sidi kacem 1;40;Livo
sidi yahya du rharb;45;Livo
tagadirt;45;Livo
aghmat;40;Livo
chellalat;39;Livo
ahfir;45;Livo
midar;45;Livo
khouribga;40;Livo
bouarfa;45;Livo
tamesluht;40;Livo
boumia;45;Livo
achakar;45;Livo
el bazaza;45;Livo
tazaa;40;Livo
mnar;35;Livo
benseragou;45;Livo
meskala;39;Livo
zoualeth dkhissa;35;Livo
ait moussa;45;Livo
touima;45;Livo
mrirt;45;Livo
assam;45;Livo
naima;40;Livo
oulad yahya;40;Livo
ain chqef;35;Livo
fkih ben salah;45;Livo
anza;45;Livo
aknoul;39;Livo
taghazout;45;Livo
guelmim;45;Livo
azilal;45;Livo
dar bouazza;35;Livo
sidi bouzid;39;Livo
sale;40;Livo
demnate;40;Livo
el attaouia;45;Livo
khenifra;45;Livo
nador;45;Livo
taourirt;45;Livo
farkhana;45;Livo
tafersit;39;Livo
laayayta;45;Livo
fouarat;45;Livo
douar sidi ali;45;Livo
guercif;45;Livo
oujda;45;Livo
ain el aouda;45;Livo
marrakech;35;Livo
ksar sghir;40;Livo
bouizakarne;45;Livo
lalla takerkoust;40;Livo
foum oudi;40;Livo
kettara;40;Livo
mohammedia;35;Livo
ouled said el oued;29;Livo
kabila;35;Livo
oulad frej;39;Livo
mehdia;45;Livo
tarfaya;45;Livo
tetouan;35;Livo
sidi allal tazi;40;Livo
tassaout;39;Livo
mdiq;45;Livo
agard;39;Livo
sidi abdellah ghiat;40;Livo
fadesa;29;Livo
tizi ouasli;29;Livo
souihla;40;Livo
gzenaya;45;Livo
amsa;35;Livo
taddart - taza;45;Livo
sale al jadida;45;Livo
berrchid;45;Livo
ounagha;39;Livo
tin mansour;45;Livo
el ksabi;39;Livo
moulay abdellah;45;Livo
laatamna;39;Livo
deroua;35;Livo
kelaa des sraghna;45;Livo
m'haya;35;Livo
cabo negro;40;Livo
tamansourt;45;Livo
sidi bennour;45;Livo
ikhourban;45;Livo
ait ishaq;39;Livo
sidi ishaq;39;Livo
ben guerir;45;Livo
lagfifat;29;Livo
ain harrouda;35;Livo
souk el had des bradia;45;Livo
kasba tadla;45;Livo
taroudant;45;Livo
zemamra;45;Livo
sidi bouknadel;45;Livo
oulad teima;45;Livo
oulad zmam;39;Livo
skhirat;40;Livo
nouaceur;35;Livo
tit mellil;29;Livo
berkane;45;Livo
belfaa;45;Livo
saidia;45;Livo
ain allah;35;Livo
driouch;45;Livo
boujad;45;Livo
bir jdid;40;Livo
sidi hmad;39;Livo
zaouiat cheikh;45;Livo
ranat;39;Livo
ras el ain;40;Livo
aourir;45;Livo
biougra;45;Livo
aguelmous;45;Livo
el-ouidane;40;Livo
jerada;45;Livo
essamara;45;Livo
tanger;35;Livo
sidi sliman;45;Livo
ait amou;29;Livo
laouamra;39;Livo
tiouli;29;Livo
ait milk;45;Livo
zaida;39;Livo
imi ouaddar;39;Livo
assa-zag;45;Livo
oued jdida;35;Livo
chefchaouen;40;Livo
leqliaa;45;Livo
loudaya;35;Livo
errachidia;45;Livo
ait ourir;40;Livo
foum el ansar;39;Livo
sidi aissa ben ali;39;Livo
ait aissa;45;Livo
tiznit;45;Livo
bouzaghlal;35;Livo
ain taoujdate;45;Livo
dakhla;45;Livo
akermoud;39;Livo
ait amira;45;Livo
ben ahmed;45;Livo
guelmima;45;Livo
ksar el kebir;45;Livo
ouarzazate;45;Livo
chichaoua;40;Livo
had soualem;40;Livo
imjad;45;Livo
el ksiba;45;Livo
oulad dahhou;45;Livo
khemissat;45;Livo
boufakrane;45;Livo
harhoura;45;Livo
inezgane;45;Livo
oulad youssef;39;Livo
imintanoute;40;Livo
ifrane;45;Livo
selouane;45;Livo
tinajdad;45;Livo
tinghir;45;Livo
beni drar;45;Livo
melloussa;35;Livo
ait melloul;45;Livo
houara;45;Livo
larache;45;Livo
ouled mbarek - beni mellal;45;Livo
risani;45;Livo
aklim;39;Livo
kariat arekmane;39;Livo
zeghanghane;39;Livo
sidi zouine;40;Livo
skhour rehamna;40;Livo
kenitra;40;Livo
azemmour;45;Livo
rmilat;35;Livo
al aaroui;45;Livo
tamelalt;39;Livo
playa;45;Livo
ain erreggada;39;Livo
sidi jaber;45;Livo
bouskoura;35;Livo
oulad ismail;39;Livo
rich;45;Livo
zagora;45;Livo
ain beda;35;Livo
tamait;39;Livo
boulenouar;29;Livo
figuig;45;Livo
moulay brahim;40;Livo
oued amlil;45;Livo
zraibat;29;Livo
ihadaden;39;Livo
afourar;45;Livo
el hajeb;45;Livo
agadir;35;Livo
boukidan - al hoceima;39;Livo
lamriss;39;Livo
jaadar;35;Livo
dcheira el jihadia;45;Livo
ouled ayad;45;Livo
boujdour;45;Livo
tarrast;45;Livo
tikiouine;45;Livo
rwadi;39;Livo
dar ould zidouh;39;Livo
azrou;40;Livo
aghroud;45;Livo
oulad ghadbane;39;Livo
sidi harazem;35;Livo
el jadida;40;Livo